,Unnamed: 0,title,department,location,date_added,link
0,0,"Full-Stack Engineer, Early Career",Software and Services,Austin,"Jun 15, 2021",https://jobs.apple.com/en-us/details/200253987/full-stack-engineer-early-career?team=SFTWR
1,1,"Backend Engineer, Early Career",Software and Services,Austin,"Jun 29, 2021",https://jobs.apple.com/en-us/details/200253984/backend-engineer-early-career?team=SFTWR
2,2,Early Career Development  -  Database Security  Engineer,Software and Services,Austin,"Oct 15, 2021",https://jobs.apple.com/en-us/details/200297308/early-career-development-database-security-engineer?team=SFTWR
3,3,Database Engineer (Early Career),Software and Services,Austin,"Oct 22, 2021",https://jobs.apple.com/en-us/details/200303605/database-engineer-early-career?team=SFTWR
11,11,Developer Analyst (Early Career),Software and Services,Austin,"May 25, 2021",https://jobs.apple.com/en-us/details/200210820/developer-analyst-early-career?team=SFTWR
22,22,Developer Analyst (Early Career),Software and Services,Austin,"May 25, 2021",https://jobs.apple.com/en-us/details/200210820/developer-analyst-early-career?team=SFTWR
34,34,Database Engineer (Early Career),Software and Services,Austin,"Oct 20, 2021",https://jobs.apple.com/en-us/details/200302207/database-engineer-early-career?team=SFTWR
35,35,Software Engineer (Early Career),Software and Services,Austin,"Oct 21, 2021",https://jobs.apple.com/en-us/details/200302338/software-engineer-early-career?team=SFTWR
36,36,Software Engineer (Early Career),Software and Services,Austin,"Oct 22, 2021",https://jobs.apple.com/en-us/details/200301957/software-engineer-early-career?team=SFTWR
37,37,iOS Developer (Early Career),Software and Services,Austin,"Sep 27, 2021",https://jobs.apple.com/en-us/details/200232582/ios-developer-early-career?team=SFTWR
44,44,Salesforce Developer/Analyst (Early Career),Software and Services,Austin,"Sep 4, 2021",https://jobs.apple.com/en-us/details/200280053/salesforce-developer-analyst-early-career?team=SFTWR
45,45,Salesforce Developer/Analyst (Early Career),Software and Services,Austin,"Sep 4, 2021",https://jobs.apple.com/en-us/details/200280040/salesforce-developer-analyst-early-career?team=SFTWR
46,46,Salesforce Developer/Analyst (Early Career),Software and Services,Austin,"Sep 4, 2021",https://jobs.apple.com/en-us/details/200280035/salesforce-developer-analyst-early-career?team=SFTWR
47,47,Salesforce Developer/Analyst (Early Career),Software and Services,Austin,"Sep 4, 2021",https://jobs.apple.com/en-us/details/200280022/salesforce-developer-analyst-early-career?team=SFTWR
48,48,Salesforce Developer/Analyst (Early Career),Software and Services,Austin,"Sep 4, 2021",https://jobs.apple.com/en-us/details/200280047/salesforce-developer-analyst-early-career?team=SFTWR
49,49,Salesforce Developer/Analyst (Early Career),Software and Services,Austin,"Sep 4, 2021",https://jobs.apple.com/en-us/details/200280033/salesforce-developer-analyst-early-career?team=SFTWR
50,50,Salesforce Developer/Analyst (Early Career),Software and Services,Austin,"Sep 4, 2021",https://jobs.apple.com/en-us/details/200280037/salesforce-developer-analyst-early-career?team=SFTWR
51,51,Salesforce Developer/Analyst (Early Career),Software and Services,Austin,"Sep 4, 2021",https://jobs.apple.com/en-us/details/200280013/salesforce-developer-analyst-early-career?team=SFTWR
52,52,Software DevOps Engineer (Early Career),Software and Services,Austin,"Oct 20, 2021",https://jobs.apple.com/en-us/details/200301608/software-devops-engineer-early-career?team=SFTWR
53,53,Database Engineer - Security (Early Career),Software and Services,Austin,"Oct 20, 2021",https://jobs.apple.com/en-us/details/200301949/database-engineer-security-early-career?team=SFTWR
54,54,Front-End Software Engineer (Early Career),Software and Services,Santa Clara Valley (Cupertino),"Aug 11, 2021",https://jobs.apple.com/en-us/details/200257568/front-end-software-engineer-early-career?team=SFTWR
57,57,Identity Management Software Quality Engineer (Early Career),Software and Services,Austin,"Oct 13, 2021",https://jobs.apple.com/en-us/details/200257537/identity-management-software-quality-engineer-early-career?team=SFTWR
60,60,Big Data Software Engineer (Early Career),Software and Services,Austin,"Oct 18, 2021",https://jobs.apple.com/en-us/details/200295463/big-data-software-engineer-early-career?team=SFTWR
